{
  "rural": {
    "n": 14063,
    "mean": 430.3115475962899,
    "median": 68.75606060965288,
    "std": 7167.566161938528,
    "q25": 35.070268004747675,
    "q75": 137.58996216092737
  },
  "urban": {
    "n": 1081,
    "mean": 103.92128143395094,
    "median": 63.94291141650607,
    "std": 119.39507346639567,
    "q25": 26.965905125334807,
    "q75": 137.88052765295697
  },
  "effect_size_cohens_d": 0.047252950847651985,
  "mann_whitney_u_statistic": 8134529.5,
  "mann_whitney_p_value": 0.00011743755326807653,
  "median_difference": 4.813149193146806,
  "bootstrap_95_ci": {
    "lower": -0.07463171170098477,
    "upper": 11.029066029345937
  }
}